[
  {
    "name": "becas digitalización",
    "links": [
      "https://meowrhino.github.io/becasDigMeow/"
    ]
  },
  {
    "name": "atalanta library",
    "links": [
      "https://meowrhino.github.io/atalanta/"
    ]
  },
  {
    "name": "berta esteve",
    "links": [
      "https://meowrhino.github.io/snerta/"
    ]
  },
  {
    "name": "piuler",
    "links": [
      "https://piuler.onrender.com//"
    ]
  },
  {
    "name": "meowrhino",
    "links": [
      "https://meowrhino.github.io/meowrhino/"
    ]
  },
  {
    "name": "masajes",
    "links": [
      "https://meowrhino.github.io/rikamichie/",
      "https://meowrhino.github.io/rikamichiev0/"
    ]
  },
  {
    "name": "villa granota",
    "links": [
      "https://villagranota.github.io/villagranota/"
    ]
  },
  {
    "name": "e3000",
    "links": [
      "https://meowrhino.github.io/e300/"
    ]
  },
  {
    "name": "trigramaTEST",
    "links": [
      "https://meowrhino.github.io/trigrama/"
    ]
  },
  {
    "name": "discriminationTEST",
    "links": [
      "https://meowrhino.github.io/discriminationtest/"
    ]
  },
  {
    "name": "ableme",
    "links": [
      "https://meowrhino.github.io/ableme/admin.html"
    ]
  },
  {
    "name": "ethereal TEM",
    "links": [
      "https://meowrhino.github.io/TEM/"
    ]
  },
  {
    "name": "oca",
    "links": [
      "https://meowrhino.github.io/oca/"
    ]
  },
  {
    "name": "tinnitusRelief",
    "links": [
      "https://meowrhino.github.io/tinnitusRelief/"
    ]
  },
  {
    "name": "AI",
    "links": [
      "https://www.youtube.com/watch?v=S9Nv0K8pjLo&ab_channel=BALMA"
    ]
  },
  {
    "name": "IGN",
    "links": [
      "https://meowrhino.github.io/instagramNameGenerator/"
    ]
  },
  {
    "name": "notas3",
    "links": [
      "https://meowrhino.github.io/notas3/"
    ]
  },
  {
    "name": "joc de la vida",
    "links": [
      "https://meowrhino.github.io/gameOfLife/"
    ]
  },
  {
    "name": "tarifas",
    "links": [
      "https://meowrhino.github.io/tarifas/"
    ]
  },
  {
    "name": "notas2",
    "links": [
      "https://meowrhino.github.io/notas2/"
    ]
  },
  {
    "name": "las xordxs",
    "links": [
      "https://meowrhino.github.io/jordiyordiyordyiordi/"
    ]
  },
  {
    "name": "minesweeper",
    "links": [
      "https://meowrhino.github.io/etchASketch/"
    ]
  },
  {
    "name": "freewrite",
    "links": [
      "https://meowrhino.github.io/writingapp/"
    ]
  },
  {
    "name": "directorio cosas nuevas",
    "links": [
      "https://meowrhino.github.io/directorio/"
    ]
  },
  {
    "name": "hopeko2",
    "links": [
      "https://meowrhino.github.io/hopeko2/"
    ]
  },
  {
    "name": "hopeko",
    "links": [
      "https://meowrhino.github.io/hopeko/"
    ]
  },
  {
    "name": "notas",
    "links": [
      "https://meowrhino.github.io/notas/"
    ]
  },
  {
    "name": "barcelona per eixample",
    "links": [
      "barcelona.html"
    ]
  },
  {
    "name": "profilePics",
    "links": [
      "https://meowrhino.github.io/profilePics/"
    ]
  },
  {
    "name": "rockPaperScissors",
    "links": [
      "https://meowrhino.github.io/rockPaperScissors/"
    ]
  },
  {
    "name": "festa",
    "links": [
      "lafesta_old.html",
      "lafesta.html"
    ]
  },
  {
    "name": "TFG",
    "links": [
      "https://meowrhino.cargo.site/tfg",
      "https://meowrhino.cargo.site/"
    ]
  },
  {
    "name": "la torra manel",
    "links": [
      "https://www.indiexpo.net/es/games/la-torra-manel",
      "https://www.indiexpo.net/es/games/la-2a-torre-manel",
      "https://www.indiexpo.net/es/games/la-3era-torra-manel-2"
    ]
  },
  {
    "name": "bichi",
    "links": [
      "https://meowrhino.neocities.org/about_bichi.html"
    ]
  }
]